Country code,Country name,2050,2049,2048,2047,2046,2045,2044,2043,2042,2041,2040,2039,2038,2037,2036,2035,2034,2033,2032,2031,2030,2029,2028,2027,2026,2025,2024,2023,2022,2021,2020,2019,2018,2017,2016,2015,2014,2013,2012,2011,2010,2009,2008,2007,2006,2005,2004,2003,2002,2001,2000,1999,1998,1997,1996,1995,1994,1993,1992,1991,1990,1989,1988,1987,1986,1985,1984,1983,1982,1981,1980,1979,1978,1977,1976,1975,1974,1973,1972,1971,1970,1969,1968,1967,1966,1965,1964,1963,1962,1961,1960,1959,1958,1957,1956,1955,1954,1953,1952,1951,1950
ABW,ARUBA,58.01,,,,,56.035,,,,,54.041,,,,,52.105,,,,,50.447,,,,,49.084,,,,,48.018,,,,,47.249,,,,,46.777,,,,,46.6,,,,,46.703,,,,,48.761,,,,,50.319,,,,,50.395,,,,,50.472,,,,,50.548,,,,,50.624,,,,,50.7,,,,,50.776,,,,,50.852,,,,,50.928
AFG,AFGHANISTAN,43.412,,,,,40.208,,,,,37.085,,,,,34.067,,,,,31.23,,,,,28.748,,,,,26.607,,,,,24.78,,,,,23.239,,,,,21.882,,,,,20.583,,,,,19.341,,,,,18.157,,,,,16.917,,,,,15.675,,,,,13.278,,,,,11.031,,,,,9.353,,,,,7.993,,,,,6.815,,,,,5.8
AGO,ANGOLA,77.961,,,,,76.167,,,,,74.275,,,,,72.288,,,,,70.209,,,,,68.025,,,,,65.403,,,,,62.197,,,,,58.379,,,,,53.943,,,,,48.987,,,,,43.988,,,,,37.144,,,,,30.338,,,,,24.298,,,,,19.128,,,,,14.957,,,,,12.504,,,,,10.435,,,,,8.902,,,,,7.576
AIA,ANGUILLA,100.0,,,,,100.0,,,,,100.0,,,,,100.0,,,,,100.0,,,,,100.0,,,,,100.0,,,,,100.0,,,,,100.0,,,,,100.0,,,,,100.0,,,,,100.0,,,,,100.0,,,,,100.0,,,,,100.0,,,,,100.0,,,,,100.0,,,,,100.0,,,,,100.0,,,,,100.0,,,,,100.0
ALB,ALBANIA,77.128,,,,,75.33,,,,,73.439,,,,,71.459,,,,,69.069,,,,,66.005,,,,,62.207,,,,,57.635,,,,,52.322,,,,,46.804,,,,,41.741,,,,,38.911,,,,,36.428,,,,,35.083,,,,,33.762,,,,,32.712,,,,,31.74,,,,,31.23,,,,,30.705,,,,,26.864,,,,,20.528
AND,ANDORRA,84.197,,,,,83.367,,,,,82.503,,,,,81.603,,,,,81.076,,,,,81.549,,,,,82.966,,,,,85.147,,,,,87.817,,,,,90.295,,,,,92.395,,,,,93.661,,,,,94.712,,,,,95.159,,,,,92.064,,,,,87.252,,,,,80.155,,,,,70.445,,,,,58.45,,,,,48.568,,,,,38.8
ARE,UNITED ARAB EMIRATES,90.601,,,,,90.065,,,,,89.502,,,,,88.912,,,,,88.293,,,,,87.578,,,,,86.655,,,,,85.49,,,,,84.042,,,,,82.262,,,,,80.236,,,,,78.319,,,,,79.051,,,,,79.804,,,,,80.71,,,,,79.615,,,,,77.701,,,,,75.661,,,,,73.5,,,,,64.572,,,,,54.5
ARG,ARGENTINA,95.315,,,,,95.076,,,,,94.824,,,,,94.561,,,,,94.285,,,,,93.996,,,,,93.616,,,,,93.078,,,,,92.349,,,,,91.382,,,,,90.125,,,,,88.654,,,,,86.984,,,,,85.038,,,,,82.887,,,,,80.969,,,,,78.88,,,,,76.369,,,,,73.611,,,,,69.633,,,,,65.339
ARM,ARMENIA,73.899,,,,,72.358,,,,,70.762,,,,,69.114,,,,,67.431,,,,,66.006,,,,,64.96,,,,,64.31,,,,,64.066,,,,,64.184,,,,,64.666,,,,,66.057,,,,,67.421,,,,,67.09,,,,,66.05,,,,,63.611,,,,,59.864,,,,,55.622,,,,,51.275,,,,,45.951,,,,,40.339
ASM,AMERICAN SAMOA,96.84,,,,,96.575,,,,,96.288,,,,,95.978,,,,,95.643,,,,,95.282,,,,,94.837,,,,,94.107,,,,,92.978,,,,,91.283,,,,,88.766,,,,,85.28,,,,,80.948,,,,,77.762,,,,,74.33,,,,,72.354,,,,,70.384,,,,,68.334,,,,,66.211,,,,,64.02,,,,,61.769
ATG,ANTIGUA AND BARBUDA,41.097,,,,,39.19,,,,,37.316,,,,,35.479,,,,,33.683,,,,,31.934,,,,,30.52,,,,,29.845,,,,,29.882,,,,,30.633,,,,,32.127,,,,,33.961,,,,,35.426,,,,,35.021,,,,,34.618,,,,,34.217,,,,,33.819,,,,,36.61,,,,,39.656,,,,,34.889,,,,,30.065
AUS,AUSTRALIA,92.882,,,,,92.517,,,,,92.136,,,,,91.737,,,,,91.32,,,,,90.884,,,,,90.381,,,,,89.774,,,,,89.046,,,,,88.182,,,,,87.165,,,,,86.106,,,,,85.4,,,,,85.46,,,,,85.76,,,,,85.921,,,,,85.265,,,,,83.485,,,,,81.529,,,,,79.357,,,,,77.003
AUT,AUSTRIA,78.225,,,,,76.887,,,,,75.493,,,,,74.043,,,,,72.538,,,,,71.076,,,,,69.732,,,,,68.521,,,,,67.454,,,,,66.534,,,,,65.8,,,,,65.8,,,,,65.765,,,,,65.566,,,,,65.391,,,,,65.341,,,,,65.258,,,,,65.011,,,,,64.72,,,,,64.16,,,,,63.596
AZE,AZERBAIJAN,68.41,,,,,66.352,,,,,64.23,,,,,62.051,,,,,59.855,,,,,57.857,,,,,56.108,,,,,54.62,,,,,53.401,,,,,52.389,,,,,51.386,,,,,52.206,,,,,53.749,,,,,53.498,,,,,52.777,,,,,51.897,,,,,50.008,,,,,51.164,,,,,52.663,,,,,50.026,,,,,45.691
BDI,BURUNDI,27.94,,,,,25.022,,,,,22.314,,,,,19.822,,,,,17.549,,,,,15.508,,,,,13.688,,,,,12.072,,,,,10.642,,,,,9.375,,,,,8.246,,,,,7.211,,,,,6.271,,,,,5.221,,,,,4.339,,,,,3.218,,,,,2.382,,,,,2.211,,,,,2.038,,,,,1.877,,,,,1.728
BEL,BELGIUM,98.243,,,,,98.172,,,,,98.098,,,,,98.02,,,,,97.938,,,,,97.842,,,,,97.731,,,,,97.603,,,,,97.456,,,,,97.292,,,,,97.118,,,,,96.777,,,,,96.377,,,,,95.93,,,,,95.381,,,,,94.48,,,,,93.843,,,,,93.137,,,,,92.46,,,,,91.977,,,,,91.466
BEN,BENIN,66.67,,,,,64.24,,,,,61.736,,,,,59.167,,,,,56.494,,,,,53.651,,,,,50.65,,,,,47.511,,,,,44.258,,,,,41.003,,,,,38.333,,,,,36.758,,,,,34.485,,,,,30.796,,,,,27.339,,,,,21.904,,,,,16.691,,,,,12.519,,,,,9.275,,,,,6.804,,,,,4.957
BFA,BURKINA FASO,55.224,,,,,51.789,,,,,48.338,,,,,44.902,,,,,41.515,,,,,37.922,,,,,34.007,,,,,29.877,,,,,25.667,,,,,21.537,,,,,17.844,,,,,15.131,,,,,13.815,,,,,12.334,,,,,8.805,,,,,6.347,,,,,5.746,,,,,5.198,,,,,4.7,,,,,4.247,,,,,3.837
BGD,BANGLADESH,52.151,,,,,48.851,,,,,45.561,,,,,42.309,,,,,39.122,,,,,36.025,,,,,33.085,,,,,30.375,,,,,27.894,,,,,25.636,,,,,23.59,,,,,21.693,,,,,19.811,,,,,17.496,,,,,14.851,,,,,9.836,,,,,7.593,,,,,6.211,,,,,5.135,,,,,4.687,,,,,4.282
BGR,BULGARIA,85.245,,,,,84.293,,,,,83.293,,,,,82.242,,,,,81.04,,,,,79.516,,,,,77.624,,,,,75.312,,,,,72.524,,,,,70.179,,,,,68.899,,,,,67.782,,,,,66.377,,,,,64.59,,,,,62.1,,,,,57.562,,,,,52.3,,,,,45.755,,,,,37.1,,,,,32.213,,,,,27.583
BHR,BAHRAIN,92.804,,,,,92.315,,,,,91.796,,,,,91.245,,,,,90.661,,,,,90.042,,,,,89.444,,,,,88.964,,,,,88.618,,,,,88.419,,,,,88.372,,,,,88.388,,,,,88.14,,,,,87.155,,,,,86.101,,,,,84.975,,,,,83.775,,,,,82.5,,,,,82.32,,,,,75.528,,,,,64.4
BHS,BAHAMAS,90.567,,,,,89.904,,,,,89.201,,,,,88.454,,,,,87.663,,,,,86.826,,,,,85.944,,,,,85.023,,,,,84.064,,,,,83.068,,,,,82.035,,,,,80.961,,,,,79.838,,,,,76.674,,,,,73.102,,,,,69.999,,,,,66.725,,,,,63.281,,,,,59.654,,,,,55.895,,,,,52.068
BIH,BOSNIA AND HERZEGOWINA,68.947,,,,,66.511,,,,,63.984,,,,,61.377,,,,,58.704,,,,,55.978,,,,,53.215,,,,,50.433,,,,,47.733,,,,,45.26,,,,,43.021,,,,,41.018,,,,,39.249,,,,,37.589,,,,,35.543,,,,,31.288,,,,,27.201,,,,,22.817,,,,,19.04,,,,,16.173,,,,,13.665
BLR,BELARUS,85.156,,,,,84.243,,,,,83.285,,,,,82.28,,,,,81.195,,,,,79.912,,,,,78.405,,,,,76.648,,,,,74.615,,,,,72.354,,,,,69.973,,,,,67.926,,,,,65.981,,,,,61.833,,,,,56.498,,,,,50.614,,,,,44.01,,,,,38.127,,,,,32.401,,,,,28.853,,,,,26.234
BLZ,BELIZE,52.908,,,,,50.966,,,,,49.021,,,,,47.079,,,,,45.309,,,,,44.202,,,,,43.777,,,,,44.03,,,,,44.963,,,,,46.311,,,,,47.663,,,,,47.484,,,,,47.465,,,,,48.419,,,,,49.374,,,,,50.171,,,,,50.963,,,,,52.481,,,,,54.028,,,,,54.681,,,,,55.288
BMU,BERMUDA,100.0,,,,,100.0,,,,,100.0,,,,,100.0,,,,,100.0,,,,,100.0,,,,,100.0,,,,,100.0,,,,,100.0,,,,,100.0,,,,,100.0,,,,,100.0,,,,,100.0,,,,,100.0,,,,,100.0,,,,,100.0,,,,,100.0,,,,,100.0,,,,,100.0,,,,,100.0,,,,,100.0
BOL,BOLIVIA,79.798,,,,,78.403,,,,,76.94,,,,,75.41,,,,,73.812,,,,,72.148,,,,,70.376,,,,,68.461,,,,,66.399,,,,,64.189,,,,,61.834,,,,,59.4,,,,,55.577,,,,,50.519,,,,,45.451,,,,,41.314,,,,,39.776,,,,,38.257,,,,,36.762,,,,,35.291,,,,,33.848
BRA,BRAZIL,90.687,,,,,90.186,,,,,89.661,,,,,89.111,,,,,88.491,,,,,87.727,,,,,86.796,,,,,85.676,,,,,84.335,,,,,82.834,,,,,81.192,,,,,77.61,,,,,73.922,,,,,69.862,,,,,65.468,,,,,60.789,,,,,55.909,,,,,51.037,,,,,46.139,,,,,41.057,,,,,36.16
BRB,BARBADOS,61.593,,,,,59.533,,,,,57.439,,,,,55.318,,,,,53.177,,,,,51.025,,,,,48.823,,,,,46.442,,,,,43.889,,,,,41.182,,,,,38.347,,,,,35.482,,,,,32.719,,,,,35.975,,,,,39.582,,,,,38.62,,,,,37.539,,,,,37.141,,,,,36.777,,,,,36.414,,,,,36.053
BRN,BRUNEI DARUSSALAM,85.874,,,,,84.886,,,,,83.842,,,,,82.74,,,,,81.579,,,,,80.359,,,,,78.995,,,,,77.415,,,,,75.597,,,,,73.518,,,,,71.164,,,,,68.644,,,,,65.833,,,,,62.252,,,,,59.89,,,,,61.994,,,,,61.675,,,,,52.625,,,,,43.401,,,,,34.608,,,,,26.756
BTN,BHUTAN,57.313,,,,,55.127,,,,,52.92,,,,,50.702,,,,,48.305,,,,,45.477,,,,,42.247,,,,,38.662,,,,,34.793,,,,,30.965,,,,,25.418,,,,,20.537,,,,,16.388,,,,,12.941,,,,,10.132,,,,,7.876,,,,,6.089,,,,,4.687,,,,,3.596,,,,,2.751,,,,,2.1
BWA,BOTSWANA,78.467,,,,,76.788,,,,,75.019,,,,,73.163,,,,,71.222,,,,,69.199,,,,,66.899,,,,,64.166,,,,,60.977,,,,,57.32,,,,,53.219,,,,,48.981,,,,,41.933,,,,,26.724,,,,,16.479,,,,,11.884,,,,,7.834,,,,,3.839,,,,,3.06,,,,,2.883,,,,,2.716
CAF,CENTRAL AFRICAN REPUBLIC,57.867,,,,,55.131,,,,,52.364,,,,,49.582,,,,,46.803,,,,,44.101,,,,,41.853,,,,,40.107,,,,,38.849,,,,,38.067,,,,,37.639,,,,,37.231,,,,,36.825,,,,,35.532,,,,,33.874,,,,,31.956,,,,,27.328,,,,,23.519,,,,,20.1,,,,,17.072,,,,,14.418
CAN,CANADA,86.352,,,,,85.629,,,,,84.875,,,,,84.089,,,,,83.27,,,,,82.46,,,,,81.731,,,,,81.093,,,,,80.554,,,,,80.122,,,,,79.478,,,,,77.675,,,,,76.582,,,,,76.354,,,,,75.663,,,,,75.611,,,,,75.654,,,,,72.892,,,,,69.061,,,,,65.705,,,,,60.946
CHE,SWITZERLAND,80.894,,,,,79.83,,,,,78.722,,,,,77.57,,,,,76.401,,,,,75.391,,,,,74.585,,,,,73.997,,,,,73.638,,,,,73.457,,,,,73.322,,,,,73.578,,,,,73.184,,,,,65.21,,,,,57.084,,,,,57.369,,,,,57.368,,,,,54.217,,,,,51.019,,,,,47.659,,,,,44.38
CHL,CHILE,93.314,,,,,92.949,,,,,92.565,,,,,92.162,,,,,91.739,,,,,91.295,,,,,90.732,,,,,89.96,,,,,88.942,,,,,87.623,,,,,85.946,,,,,84.372,,,,,83.271,,,,,82.624,,,,,81.243,,,,,78.386,,,,,75.227,,,,,71.696,,,,,67.836,,,,,63.254,,,,,58.421
CHN,CHINA,77.308,,,,,75.395,,,,,73.376,,,,,71.255,,,,,68.743,,,,,65.35,,,,,60.986,,,,,55.6,,,,,49.226,,,,,42.522,,,,,35.877,,,,,30.961,,,,,26.442,,,,,22.874,,,,,19.358,,,,,17.4,,,,,17.4,,,,,18.086,,,,,16.203,,,,,13.856,,,,,11.803
CIV,COTE D'IVOIRE,72.085,,,,,69.98,,,,,67.788,,,,,65.514,,,,,63.137,,,,,60.471,,,,,57.481,,,,,54.171,,,,,50.557,,,,,46.836,,,,,43.541,,,,,41.21,,,,,39.345,,,,,37.91,,,,,36.829,,,,,32.229,,,,,28.163,,,,,24.5,,,,,17.679,,,,,13.121,,,,,9.962
CMR,CAMEROON,71.187,,,,,69.054,,,,,66.838,,,,,64.544,,,,,62.182,,,,,59.722,,,,,57.118,,,,,54.377,,,,,51.512,,,,,48.541,,,,,45.542,,,,,42.573,,,,,39.657,,,,,36.232,,,,,31.921,,,,,27.292,,,,,20.3,,,,,16.88,,,,,13.937,,,,,11.434,,,,,9.333
COD,"CONGO, THE DRC",57.298,,,,,54.31,,,,,51.291,,,,,48.262,,,,,45.246,,,,,42.264,,,,,39.338,,,,,36.487,,,,,33.727,,,,,31.159,,,,,29.303,,,,,28.18,,,,,27.743,,,,,27.974,,,,,28.719,,,,,29.503,,,,,30.3,,,,,26.102,,,,,22.3,,,,,20.654,,,,,19.1
COG,CONGO,77.581,,,,,76.064,,,,,74.479,,,,,72.825,,,,,71.107,,,,,69.298,,,,,67.381,,,,,65.355,,,,,63.223,,,,,60.988,,,,,58.695,,,,,56.413,,,,,54.324,,,,,52.221,,,,,47.857,,,,,43.264,,,,,39.129,,,,,35.273,,,,,31.601,,,,,28.143,,,,,24.926
COK,COOK ISLANDS,83.092,,,,,81.987,,,,,80.826,,,,,79.609,,,,,78.358,,,,,77.093,,,,,75.817,,,,,74.537,,,,,73.255,,,,,71.026,,,,,65.191,,,,,58.678,,,,,57.715,,,,,55.202,,,,,53.815,,,,,54.009,,,,,53.285,,,,,50.796,,,,,46.469,,,,,42.191,,,,,38.028
COL,COLOMBIA,84.15,,,,,83.192,,,,,82.188,,,,,81.138,,,,,80.041,,,,,78.891,,,,,77.673,,,,,76.384,,,,,75.02,,,,,73.581,,,,,72.075,,,,,70.516,,,,,68.276,,,,,65.574,,,,,62.121,,,,,58.539,,,,,54.82,,,,,51.022,,,,,45.033,,,,,38.684,,,,,32.7
COM,COMOROS,40.097,,,,,38.12,,,,,36.181,,,,,34.287,,,,,32.441,,,,,30.698,,,,,29.364,,,,,28.463,,,,,27.97,,,,,27.875,,,,,28.08,,,,,28.301,,,,,27.869,,,,,25.469,,,,,23.215,,,,,21.239,,,,,19.39,,,,,16.978,,,,,12.551,,,,,9.15,,,,,6.601
CPV,CAPE VERDE,79.489,,,,,78.095,,,,,76.635,,,,,75.108,,,,,73.429,,,,,71.317,,,,,68.71,,,,,65.561,,,,,61.833,,,,,57.689,,,,,53.435,,,,,48.768,,,,,44.12,,,,,31.5,,,,,23.518,,,,,21.419,,,,,19.559,,,,,18.073,,,,,16.679,,,,,15.399,,,,,14.2
CRI,COSTA RICA,78.892,,,,,77.364,,,,,75.759,,,,,74.078,,,,,72.323,,,,,70.497,,,,,68.575,,,,,66.475,,,,,64.186,,,,,61.706,,,,,59.038,,,,,55.789,,,,,50.683,,,,,45.563,,,,,43.099,,,,,41.349,,,,,38.827,,,,,35.791,,,,,34.254,,,,,33.88,,,,,33.508
CUB,CUBA,81.03,,,,,80.027,,,,,78.985,,,,,77.904,,,,,76.796,,,,,75.907,,,,,75.338,,,,,75.105,,,,,75.215,,,,,75.6,,,,,75.6,,,,,74.277,,,,,73.364,,,,,70.933,,,,,68.106,,,,,64.224,,,,,60.266,,,,,59.337,,,,,58.401,,,,,57.458,,,,,56.511
CYM,CAYMAN ISLANDS,100.0,,,,,100.0,,,,,100.0,,,,,100.0,,,,,100.0,,,,,100.0,,,,,100.0,,,,,100.0,,,,,100.0,,,,,100.0,,,,,100.0,,,,,100.0,,,,,100.0,,,,,100.0,,,,,100.0,,,,,100.0,,,,,100.0,,,,,100.0,,,,,100.0,,,,,100.0,,,,,100.0
CYP,CYPRUS,80.285,,,,,79.047,,,,,77.752,,,,,76.401,,,,,75.001,,,,,73.657,,,,,72.418,,,,,71.299,,,,,70.311,,,,,69.444,,,,,68.648,,,,,68.038,,,,,66.776,,,,,64.678,,,,,58.614,,,,,47.277,,,,,40.761,,,,,38.188,,,,,35.628,,,,,32.334,,,,,28.384
CZE,CZECH REPUBLIC,79.505,,,,,78.395,,,,,77.242,,,,,76.046,,,,,74.931,,,,,74.099,,,,,73.57,,,,,73.356,,,,,73.464,,,,,73.698,,,,,73.988,,,,,74.643,,,,,75.22,,,,,75.365,,,,,75.167,,,,,69.917,,,,,64.402,,,,,62.016,,,,,59.548,,,,,56.884,,,,,54.18
DEU,GERMANY,81.82,,,,,80.786,,,,,79.707,,,,,78.583,,,,,77.415,,,,,76.276,,,,,75.286,,,,,74.462,,,,,73.815,,,,,73.355,,,,,73.067,,,,,73.286,,,,,73.118,,,,,72.711,,,,,72.844,,,,,72.56,,,,,72.274,,,,,71.955,,,,,71.384,,,,,69.691,,,,,68.091
DJI,DJIBOUTI,84.17,,,,,83.16,,,,,82.099,,,,,80.986,,,,,79.846,,,,,78.843,,,,,78.023,,,,,77.404,,,,,76.999,,,,,76.761,,,,,76.532,,,,,76.3,,,,,75.65,,,,,74.631,,,,,72.096,,,,,67.142,,,,,61.777,,,,,56.109,,,,,50.325,,,,,45.011,,,,,39.81
DMA,DOMINICA,77.288,,,,,75.951,,,,,74.562,,,,,73.121,,,,,71.629,,,,,70.088,,,,,68.671,,,,,67.654,,,,,67.06,,,,,66.9,,,,,67.178,,,,,67.629,,,,,67.716,,,,,66.046,,,,,63.411,,,,,55.296,,,,,46.891,,,,,36.583,,,,,27.29,,,,,25.923,,,,,24.924
DNK,DENMARK,91.124,,,,,90.684,,,,,90.224,,,,,89.745,,,,,89.238,,,,,88.692,,,,,88.105,,,,,87.474,,,,,86.795,,,,,85.856,,,,,85.1,,,,,84.979,,,,,84.843,,,,,84.351,,,,,83.723,,,,,82.146,,,,,79.737,,,,,77.048,,,,,73.687,,,,,69.619,,,,,67.983
DOM,DOMINICAN REPUBLIC,83.01,,,,,81.77,,,,,80.46,,,,,79.08,,,,,77.63,,,,,76.097,,,,,74.23,,,,,71.906,,,,,69.073,,,,,65.681,,,,,61.746,,,,,57.596,,,,,55.226,,,,,53.868,,,,,51.281,,,,,45.691,,,,,40.209,,,,,35.039,,,,,30.229,,,,,26.861,,,,,23.741
DZA,ALGERIA,87.376,,,,,86.447,,,,,85.46,,,,,84.415,,,,,83.29,,,,,81.691,,,,,79.389,,,,,76.229,,,,,72.024,,,,,66.689,,,,,60.787,,,,,55.997,,,,,52.085,,,,,47.968,,,,,43.542,,,,,40.33,,,,,39.5,,,,,37.643,,,,,30.51,,,,,26.149,,,,,22.213
ECU,ECUADOR,81.466,,,,,80.127,,,,,78.715,,,,,77.233,,,,,75.678,,,,,74.02,,,,,72.038,,,,,69.664,,,,,66.863,,,,,63.607,,,,,60.299,,,,,57.766,,,,,55.09,,,,,51.215,,,,,46.961,,,,,42.363,,,,,39.278,,,,,36.64,,,,,33.878,,,,,31.009,,,,,28.28
EGY,EGYPT,59.975,,,,,57.437,,,,,54.859,,,,,52.255,,,,,49.638,,,,,47.321,,,,,45.506,,,,,44.193,,,,,43.375,,,,,43.027,,,,,42.797,,,,,42.814,,,,,43.478,,,,,43.938,,,,,43.858,,,,,43.452,,,,,42.209,,,,,40.681,,,,,37.864,,,,,34.837,,,,,31.928
ERI,ERITREA,44.527,,,,,41.113,,,,,37.783,,,,,34.564,,,,,31.48,,,,,28.552,,,,,25.793,,,,,23.215,,,,,20.9,,,,,19.055,,,,,17.624,,,,,16.554,,,,,15.8,,,,,15.228,,,,,14.364,,,,,13.454,,,,,12.593,,,,,11.383,,,,,9.751,,,,,8.33,,,,,7.1
ESH,WESTERN SAHARA,89.028,,,,,88.271,,,,,87.469,,,,,86.62,,,,,85.723,,,,,84.786,,,,,83.822,,,,,82.833,,,,,81.822,,,,,80.793,,,,,83.861,,,,,87.153,,,,,86.156,,,,,84.183,,,,,77.449,,,,,60.574,,,,,42.092,,,,,36.185,,,,,31.19,,,,,31.095,,,,,31.0
ESP,SPAIN,84.532,,,,,83.669,,,,,82.769,,,,,81.829,,,,,80.85,,,,,79.831,,,,,78.86,,,,,78.007,,,,,77.284,,,,,76.701,,,,,76.262,,,,,75.856,,,,,75.351,,,,,74.213,,,,,72.789,,,,,69.57,,,,,66.038,,,,,61.278,,,,,56.567,,,,,54.224,,,,,51.92
EST,ESTONIA,78.006,,,,,76.692,,,,,75.324,,,,,73.904,,,,,72.468,,,,,71.263,,,,,70.349,,,,,69.745,,,,,69.461,,,,,69.425,,,,,69.401,,,,,69.979,,,,,71.128,,,,,70.767,,,,,69.711,,,,,67.589,,,,,64.947,,,,,61.348,,,,,57.533,,,,,53.623,,,,,49.67
ETH,ETHIOPIA,35.541,,,,,32.394,,,,,29.399,,,,,26.572,,,,,23.925,,,,,21.604,,,,,19.666,,,,,18.064,,,,,16.757,,,,,15.7,,,,,14.739,,,,,13.827,,,,,12.621,,,,,11.453,,,,,10.41,,,,,9.46,,,,,8.588,,,,,7.587,,,,,6.433,,,,,5.444,,,,,4.6
FIN,FINLAND,88.664,,,,,88.081,,,,,87.472,,,,,86.836,,,,,86.18,,,,,85.52,,,,,84.862,,,,,84.207,,,,,83.558,,,,,82.905,,,,,82.183,,,,,80.963,,,,,79.367,,,,,75.808,,,,,71.727,,,,,67.831,,,,,63.704,,,,,59.658,,,,,55.29,,,,,49.133,,,,,43.004
FJI,FIJI,67.31,,,,,65.484,,,,,63.61,,,,,61.695,,,,,59.743,,,,,57.772,,,,,55.793,,,,,53.813,,,,,51.837,,,,,49.871,,,,,47.908,,,,,45.496,,,,,41.611,,,,,38.523,,,,,37.769,,,,,36.721,,,,,34.758,,,,,32.582,,,,,29.681,,,,,26.933,,,,,24.352
FLK,FALKLAND ISLANDS (MALVINAS),85.522,,,,,84.501,,,,,83.422,,,,,82.284,,,,,81.086,,,,,79.701,,,,,78.02,,,,,76.006,,,,,73.619,,,,,70.828,,,,,67.606,,,,,65.987,,,,,74.15,,,,,64.012,,,,,58.696,,,,,56.33,,,,,54.041,,,,,51.847,,,,,50.495,,,,,50.774,,,,,51.053
FRA,FRANCE,93.321,,,,,92.886,,,,,92.425,,,,,91.938,,,,,91.421,,,,,90.725,,,,,89.563,,,,,87.801,,,,,85.229,,,,,81.555,,,,,76.895,,,,,74.912,,,,,74.056,,,,,73.65,,,,,73.282,,,,,72.926,,,,,71.055,,,,,67.071,,,,,61.88,,,,,58.164,,,,,55.232
FSM,"MICRONESIA, FEDERATED STATES OF",33.636,,,,,31.774,,,,,29.968,,,,,28.223,,,,,26.541,,,,,25.003,,,,,23.832,,,,,23.01,,,,,22.514,,,,,22.33,,,,,22.33,,,,,25.068,,,,,25.818,,,,,26.149,,,,,26.445,,,,,25.858,,,,,24.808,,,,,23.537,,,,,22.312,,,,,21.133,,,,,20.0
GAB,GABON,92.736,,,,,92.131,,,,,91.481,,,,,90.782,,,,,90.032,,,,,89.228,,,,,88.368,,,,,87.387,,,,,85.838,,,,,83.494,,,,,80.108,,,,,75.359,,,,,69.143,,,,,62.402,,,,,54.682,,,,,42.971,,,,,32.0,,,,,23.775,,,,,17.398,,,,,14.135,,,,,11.4
GBR,UNITED KINGDOM,85.933,,,,,85.173,,,,,84.379,,,,,83.55,,,,,82.687,,,,,81.788,,,,,80.91,,,,,80.146,,,,,79.508,,,,,79.007,,,,,78.651,,,,,78.353,,,,,78.14,,,,,78.39,,,,,78.481,,,,,77.683,,,,,77.117,,,,,77.821,,,,,78.444,,,,,78.714,,,,,78.981
GEO,GEORGIA,66.357,,,,,64.249,,,,,62.084,,,,,59.87,,,,,57.665,,,,,55.806,,,,,54.359,,,,,53.336,,,,,52.742,,,,,52.47,,,,,52.638,,,,,53.841,,,,,55.038,,,,,54.194,,,,,52.497,,,,,50.344,,,,,48.006,,,,,45.534,,,,,43.069,,,,,40.067,,,,,36.91
GHA,GHANA,72.332,,,,,70.087,,,,,67.74,,,,,65.3,,,,,62.777,,,,,60.182,,,,,57.472,,,,,54.482,,,,,51.215,,,,,47.694,,,,,43.954,,,,,40.139,,,,,36.441,,,,,32.896,,,,,31.167,,,,,30.058,,,,,28.972,,,,,26.074,,,,,23.252,,,,,19.089,,,,,15.444
GIB,GIBRALTAR,100.0,,,,,100.0,,,,,100.0,,,,,100.0,,,,,100.0,,,,,100.0,,,,,100.0,,,,,100.0,,,,,100.0,,,,,100.0,,,,,100.0,,,,,100.0,,,,,100.0,,,,,100.0,,,,,100.0,,,,,100.0,,,,,100.0,,,,,100.0,,,,,100.0,,,,,100.0,,,,,100.0
GIN,GUINEA,58.434,,,,,55.416,,,,,52.357,,,,,49.281,,,,,46.21,,,,,43.167,,,,,40.175,,,,,37.408,,,,,34.968,,,,,32.845,,,,,31.023,,,,,29.475,,,,,28.026,,,,,26.621,,,,,23.617,,,,,19.515,,,,,15.977,,,,,12.978,,,,,10.472,,,,,8.402,,,,,6.711
GLP,GUADELOUPE,98.973,,,,,98.9,,,,,98.822,,,,,98.739,,,,,98.65,,,,,98.563,,,,,98.492,,,,,98.44,,,,,98.409,,,,,98.4,,,,,98.4,,,,,98.485,,,,,98.594,,,,,98.486,,,,,97.98,,,,,96.0,,,,,95.067,,,,,95.105,,,,,95.666,,,,,95.528,,,,,95.386
GMB,GAMBIA,73.337,,,,,71.543,,,,,69.677,,,,,67.745,,,,,65.75,,,,,63.697,,,,,61.594,,,,,59.418,,,,,56.656,,,,,53.121,,,,,48.82,,,,,43.811,,,,,38.312,,,,,33.019,,,,,28.414,,,,,24.426,,,,,19.496,,,,,14.533,,,,,12.129,,,,,11.163,,,,,10.265
GNB,GUINEA-BISSAU,63.092,,,,,61.038,,,,,58.945,,,,,56.818,,,,,54.666,,,,,52.351,,,,,49.66,,,,,46.607,,,,,43.22,,,,,39.545,,,,,35.851,,,,,32.315,,,,,28.131,,,,,22.431,,,,,17.605,,,,,15.95,,,,,15.132,,,,,14.349,,,,,13.6,,,,,11.688,,,,,10.014
GNQ,EQUATORIAL GUINEA,53.346,,,,,51.321,,,,,49.291,,,,,47.264,,,,,45.245,,,,,43.242,,,,,41.511,,,,,40.213,,,,,39.337,,,,,38.875,,,,,38.806,,,,,38.834,,,,,34.745,,,,,29.94,,,,,27.872,,,,,27.41,,,,,26.954,,,,,26.502,,,,,25.537,,,,,20.355,,,,,15.463
GRC,GREECE,74.576,,,,,72.937,,,,,71.234,,,,,69.468,,,,,67.644,,,,,65.763,,,,,63.959,,,,,62.438,,,,,61.219,,,,,60.316,,,,,59.736,,,,,59.287,,,,,58.843,,,,,58.441,,,,,57.734,,,,,55.307,,,,,52.504,,,,,47.529,,,,,42.891,,,,,40.052,,,,,37.341
GRD,GRENADA,54.856,,,,,52.766,,,,,50.666,,,,,48.564,,,,,46.466,,,,,44.381,,,,,42.369,,,,,40.513,,,,,38.813,,,,,37.266,,,,,35.871,,,,,34.548,,,,,33.428,,,,,33.183,,,,,32.921,,,,,32.565,,,,,32.212,,,,,31.274,,,,,30.332,,,,,29.405,,,,,28.495
GRL,GREENLAND,91.571,,,,,90.963,,,,,90.316,,,,,89.628,,,,,88.867,,,,,87.982,,,,,86.953,,,,,85.761,,,,,84.383,,,,,82.858,,,,,81.6,,,,,80.861,,,,,79.698,,,,,77.961,,,,,76.121,,,,,74.389,,,,,72.744,,,,,66.05,,,,,58.534,,,,,53.801,,,,,49.0
GTM,GUATEMALA,68.519,,,,,66.241,,,,,63.885,,,,,61.46,,,,,58.977,,,,,56.452,,,,,53.979,,,,,51.6,,,,,49.328,,,,,47.172,,,,,45.127,,,,,43.11,,,,,41.117,,,,,39.152,,,,,37.401,,,,,36.718,,,,,35.545,,,,,33.989,,,,,31.121,,,,,27.992,,,,,25.064
GUF,FRENCH GUIANA,84.83,,,,,83.847,,,,,82.814,,,,,81.729,,,,,80.591,,,,,79.401,,,,,78.183,,,,,77.107,,,,,76.221,,,,,75.541,,,,,75.082,,,,,74.796,,,,,74.517,,,,,72.651,,,,,70.759,,,,,69.121,,,,,67.433,,,,,65.745,,,,,63.327,,,,,58.573,,,,,53.656
GUM,GUAM,95.624,,,,,95.321,,,,,94.998,,,,,94.655,,,,,94.289,,,,,93.909,,,,,93.585,,,,,93.337,,,,,93.174,,,,,93.103,,,,,93.103,,,,,92.055,,,,,90.796,,,,,92.339,,,,,93.753,,,,,83.632,,,,,61.92,,,,,55.548,,,,,50.147,,,,,45.665,,,,,41.3
GUY,GUYANA,40.447,,,,,38.476,,,,,36.542,,,,,34.651,,,,,32.807,,,,,31.033,,,,,29.656,,,,,28.756,,,,,28.311,,,,,28.308,,,,,28.694,,,,,29.137,,,,,29.583,,,,,30.033,,,,,30.488,,,,,29.967,,,,,29.425,,,,,29.209,,,,,29.009,,,,,28.521,,,,,28.023
HKG,HONG KONG,100.0,,,,,100.0,,,,,100.0,,,,,100.0,,,,,100.0,,,,,100.0,,,,,100.0,,,,,100.0,,,,,100.0,,,,,100.0,,,,,100.0,,,,,100.0,,,,,99.517,,,,,92.92,,,,,91.478,,,,,89.695,,,,,87.729,,,,,86.422,,,,,85.2,,,,,85.2,,,,,85.2
HND,HONDURAS,71.182,,,,,69.067,,,,,66.869,,,,,64.595,,,,,62.253,,,,,59.796,,,,,57.191,,,,,54.447,,,,,51.577,,,,,48.649,,,,,45.458,,,,,42.941,,,,,40.46,,,,,37.735,,,,,34.87,,,,,32.11,,,,,28.902,,,,,25.704,,,,,22.747,,,,,20.038,,,,,17.578
HRV,CROATIA (LOCAL NAME: HRVATSKA),72.513,,,,,70.682,,,,,68.781,,,,,66.816,,,,,64.79,,,,,62.709,,,,,60.703,,,,,58.973,,,,,57.537,,,,,56.406,,,,,55.587,,,,,54.892,,,,,54.039,,,,,52.291,,,,,50.061,,,,,45.126,,,,,40.196,,,,,34.977,,,,,30.154,,,,,26.032,,,,,22.295
HTI,HAITI,79.228,,,,,77.192,,,,,75.019,,,,,72.713,,,,,70.278,,,,,67.592,,,,,63.786,,,,,58.603,,,,,51.99,,,,,44.082,,,,,35.6,,,,,32.59,,,,,28.51,,,,,23.261,,,,,20.541,,,,,20.404,,,,,19.762,,,,,17.58,,,,,15.593,,,,,13.792,,,,,12.169
HUN,HUNGARY,81.911,,,,,80.724,,,,,79.479,,,,,78.175,,,,,76.794,,,,,75.213,,,,,73.395,,,,,71.319,,,,,68.965,,,,,66.365,,,,,64.575,,,,,65.209,,,,,65.838,,,,,65.095,,,,,64.191,,,,,62.231,,,,,60.112,,,,,58.022,,,,,55.911,,,,,54.435,,,,,53.023
IDN,INDONESIA,72.079,,,,,69.972,,,,,67.777,,,,,65.5,,,,,63.084,,,,,60.325,,,,,57.207,,,,,53.733,,,,,49.924,,,,,45.937,,,,,42.002,,,,,35.554,,,,,30.584,,,,,26.089,,,,,22.104,,,,,19.317,,,,,17.071,,,,,15.789,,,,,14.586,,,,,13.455,,,,,12.4
IMN,ISLE OF MAN,59.252,,,,,57.337,,,,,55.399,,,,,53.604,,,,,52.202,,,,,51.197,,,,,50.594,,,,,50.392,,,,,50.592,,,,,51.194,,,,,51.823,,,,,51.783,,,,,51.746,,,,,51.765,,,,,51.784,,,,,52.403,,,,,55.831,,,,,56.305,,,,,55.123,,,,,54.028,,,,,52.93
IND,INDIA,51.736,,,,,48.686,,,,,45.646,,,,,42.637,,,,,39.765,,,,,37.163,,,,,34.829,,,,,32.755,,,,,30.93,,,,,29.235,,,,,27.667,,,,,26.607,,,,,25.547,,,,,24.348,,,,,23.098,,,,,21.332,,,,,19.76,,,,,18.785,,,,,17.924,,,,,17.582,,,,,17.042
IRL,IRELAND,75.443,,,,,73.833,,,,,72.156,,,,,70.415,,,,,68.612,,,,,66.802,,,,,65.071,,,,,63.433,,,,,61.898,,,,,60.477,,,,,59.146,,,,,57.92,,,,,56.906,,,,,56.275,,,,,55.333,,,,,53.634,,,,,51.722,,,,,48.709,,,,,45.822,,,,,43.708,,,,,40.088
IRN,IRAN (ISLAMIC REPUBLIC OF),78.226,,,,,76.942,,,,,75.607,,,,,74.219,,,,,72.853,,,,,71.628,,,,,70.559,,,,,69.659,,,,,68.938,,,,,67.558,,,,,64.042,,,,,60.236,,,,,56.33,,,,,53.395,,,,,49.693,,,,,45.747,,,,,41.212,,,,,37.068,,,,,33.735,,,,,30.554,,,,,27.549
IRQ,IRAQ,74.6,,,,,73.16,,,,,71.668,,,,,70.128,,,,,68.594,,,,,67.415,,,,,66.67,,,,,66.375,,,,,66.536,,,,,67.042,,,,,67.83,,,,,68.78,,,,,69.706,,,,,68.767,,,,,65.521,,,,,61.379,,,,,56.154,,,,,50.651,,,,,42.899,,,,,37.631,,,,,35.122
ISL,ICELAND,96.525,,,,,96.269,,,,,95.995,,,,,95.701,,,,,95.383,,,,,95.022,,,,,94.614,,,,,94.15,,,,,93.624,,,,,93.037,,,,,92.401,,,,,91.63,,,,,90.75,,,,,89.57,,,,,88.26,,,,,86.669,,,,,84.9,,,,,82.72,,,,,80.3,,,,,76.76,,,,,72.8
ISR,ISRAEL,94.14,,,,,93.878,,,,,93.605,,,,,93.322,,,,,93.027,,,,,92.729,,,,,92.428,,,,,92.126,,,,,91.823,,,,,91.518,,,,,91.203,,,,,90.866,,,,,90.359,,,,,89.828,,,,,88.583,,,,,86.643,,,,,84.195,,,,,80.94,,,,,76.848,,,,,71.0,,,,,71.0
ITA,ITALY,78.657,,,,,77.366,,,,,76.021,,,,,74.622,,,,,73.17,,,,,71.667,,,,,70.275,,,,,69.12,,,,,68.22,,,,,67.588,,,,,67.222,,,,,66.922,,,,,66.726,,,,,66.826,,,,,66.64,,,,,65.643,,,,,64.272,,,,,61.843,,,,,59.361,,,,,56.855,,,,,54.104
JAM,JAMAICA,65.467,,,,,63.326,,,,,61.132,,,,,58.892,,,,,56.634,,,,,54.73,,,,,53.316,,,,,52.402,,,,,51.992,,,,,52.027,,,,,51.814,,,,,50.615,,,,,49.444,,,,,48.424,,,,,46.739,,,,,44.013,,,,,41.324,,,,,37.499,,,,,33.769,,,,,28.736,,,,,24.116
JOR,JORDAN,89.028,,,,,88.434,,,,,87.813,,,,,87.162,,,,,86.456,,,,,85.645,,,,,84.72,,,,,83.667,,,,,82.473,,,,,81.177,,,,,79.808,,,,,78.365,,,,,72.229,,,,,66.259,,,,,59.939,,,,,57.65,,,,,55.971,,,,,54.262,,,,,50.879,,,,,43.233,,,,,37.0
JPN,JAPAN,97.605,,,,,97.453,,,,,97.292,,,,,97.12,,,,,96.844,,,,,96.269,,,,,95.251,,,,,93.512,,,,,90.541,,,,,85.978,,,,,78.649,,,,,78.016,,,,,77.339,,,,,76.712,,,,,76.175,,,,,75.716,,,,,71.877,,,,,67.866,,,,,63.272,,,,,58.421,,,,,53.402
KAZ,KAZAKHSTAN,64.357,,,,,62.278,,,,,60.153,,,,,57.989,,,,,55.874,,,,,54.331,,,,,53.456,,,,,53.256,,,,,53.732,,,,,54.719,,,,,55.729,,,,,55.921,,,,,56.266,,,,,56.01,,,,,54.142,,,,,52.564,,,,,50.236,,,,,47.047,,,,,44.198,,,,,40.43,,,,,36.358
KEN,KENYA,45.726,,,,,42.459,,,,,39.256,,,,,36.144,,,,,33.17,,,,,30.427,,,,,27.918,,,,,25.637,,,,,23.571,,,,,21.675,,,,,19.892,,,,,18.263,,,,,16.748,,,,,16.079,,,,,15.583,,,,,12.914,,,,,10.295,,,,,8.605,,,,,7.362,,,,,6.419,,,,,5.59
KGZ,KYRGYZSTAN,51.617,,,,,48.77,,,,,45.931,,,,,43.118,,,,,40.418,,,,,38.268,,,,,36.714,,,,,35.732,,,,,35.304,,,,,35.29,,,,,35.298,,,,,36.349,,,,,37.777,,,,,38.377,,,,,38.627,,,,,38.186,,,,,37.466,,,,,35.851,,,,,34.181,,,,,30.587,,,,,26.481
KHM,CAMBODIA,37.62,,,,,34.515,,,,,31.537,,,,,28.703,,,,,26.042,,,,,23.823,,,,,22.08,,,,,20.759,,,,,19.814,,,,,19.174,,,,,18.586,,,,,17.311,,,,,15.546,,,,,13.931,,,,,8.972,,,,,4.41,,,,,15.97,,,,,10.83,,,,,10.285,,,,,10.242,,,,,10.2
KIR,KIRIBATI,56.793,,,,,54.81,,,,,52.811,,,,,50.803,,,,,48.793,,,,,46.945,,,,,45.5,,,,,44.455,,,,,43.807,,,,,43.551,,,,,42.958,,,,,36.409,,,,,34.987,,,,,33.541,,,,,32.284,,,,,29.606,,,,,24.088,,,,,19.625,,,,,16.29,,,,,13.426,,,,,11.0
KNA,SAINT KITTS AND NEVIS,44.583,,,,,42.596,,,,,40.632,,,,,38.698,,,,,36.799,,,,,34.94,,,,,33.353,,,,,32.362,,,,,31.94,,,,,32.078,,,,,32.778,,,,,33.715,,,,,34.609,,,,,35.243,,,,,35.882,,,,,35.027,,,,,34.141,,,,,30.855,,,,,27.644,,,,,27.018,,,,,26.518
KOR,"KOREA, REPUBLIC OF",89.614,,,,,89.025,,,,,88.408,,,,,87.76,,,,,87.082,,,,,86.322,,,,,85.393,,,,,84.272,,,,,82.933,,,,,81.345,,,,,79.621,,,,,78.239,,,,,73.844,,,,,64.876,,,,,56.72,,,,,48.033,,,,,40.704,,,,,32.351,,,,,27.71,,,,,24.392,,,,,21.354
KWT,KUWAIT,98.702,,,,,98.651,,,,,98.599,,,,,98.545,,,,,98.488,,,,,98.43,,,,,98.369,,,,,98.306,,,,,98.242,,,,,98.177,,,,,98.11,,,,,98.043,,,,,97.974,,,,,97.903,,,,,94.781,,,,,89.384,,,,,85.661,,,,,79.273,,,,,74.893,,,,,69.346,,,,,61.5
LAO,LAOS ,64.626,,,,,61.477,,,,,58.228,,,,,54.906,,,,,51.54,,,,,47.964,,,,,43.637,,,,,38.628,,,,,33.121,,,,,27.386,,,,,21.977,,,,,17.378,,,,,15.437,,,,,13.804,,,,,12.377,,,,,11.081,,,,,9.625,,,,,8.323,,,,,7.946,,,,,7.585,,,,,7.239
LBN,LEBANON,91.203,,,,,90.762,,,,,90.3,,,,,89.819,,,,,89.316,,,,,88.791,,,,,88.248,,,,,87.695,,,,,87.136,,,,,86.57,,,,,86.0,,,,,84.82,,,,,83.12,,,,,79.422,,,,,73.672,,,,,66.978,,,,,59.475,,,,,50.935,,,,,42.343,,,,,36.303,,,,,32.0
LBR,LIBERIA,66.083,,,,,63.754,,,,,61.359,,,,,58.908,,,,,56.419,,,,,54.026,,,,,51.784,,,,,49.707,,,,,47.801,,,,,46.051,,,,,44.331,,,,,42.624,,,,,40.935,,,,,39.267,,,,,35.167,,,,,30.382,,,,,26.025,,,,,22.108,,,,,18.632,,,,,15.592,,,,,12.97
LBY,LIBYA,85.057,,,,,84.216,,,,,83.338,,,,,82.42,,,,,81.463,,,,,80.466,,,,,79.43,,,,,78.423,,,,,77.563,,,,,76.864,,,,,76.338,,,,,75.994,,,,,75.723,,,,,75.45,,,,,70.094,,,,,62.785,,,,,49.671,,,,,33.666,,,,,27.323,,,,,23.208,,,,,19.547
LCA,SAINT LUCIA,14.895,,,,,13.983,,,,,13.119,,,,,12.3,,,,,11.713,,,,,11.894,,,,,12.908,,,,,14.934,,,,,18.326,,,,,23.085,,,,,27.957,,,,,29.6,,,,,29.349,,,,,27.923,,,,,26.54,,,,,25.2,,,,,23.907,,,,,22.66,,,,,21.46,,,,,20.306,,,,,19.199
LIE,LIECHTENSTEIN,20.327,,,,,18.98,,,,,17.702,,,,,16.493,,,,,15.468,,,,,14.777,,,,,14.387,,,,,14.279,,,,,14.448,,,,,14.731,,,,,15.13,,,,,16.482,,,,,16.928,,,,,17.619,,,,,18.274,,,,,18.324,,,,,18.453,,,,,19.471,,,,,20.437,,,,,20.356,,,,,19.881
LKA,SRI LANKA,30.295,,,,,27.501,,,,,24.873,,,,,22.419,,,,,20.142,,,,,18.042,,,,,16.441,,,,,15.468,,,,,15.041,,,,,15.127,,,,,15.709,,,,,16.44,,,,,17.199,,,,,17.984,,,,,18.779,,,,,19.483,,,,,19.514,,,,,17.626,,,,,16.431,,,,,15.647,,,,,15.327
LSO,LESOTHO,54.407,,,,,51.029,,,,,47.642,,,,,44.277,,,,,40.963,,,,,37.612,,,,,34.096,,,,,30.481,,,,,26.847,,,,,23.276,,,,,19.972,,,,,16.955,,,,,13.967,,,,,11.752,,,,,11.45,,,,,10.822,,,,,8.608,,,,,6.342,,,,,3.415,,,,,1.898,,,,,1.35
LTU,LITHUANIA,76.657,,,,,75.271,,,,,73.832,,,,,72.339,,,,,70.826,,,,,69.499,,,,,68.409,,,,,67.572,,,,,67.001,,,,,66.635,,,,,66.986,,,,,67.285,,,,,67.583,,,,,65.038,,,,,61.158,,,,,55.685,,,,,49.555,,,,,44.45,,,,,39.46,,,,,34.052,,,,,28.794
LUX,LUXEMBURG,91.672,,,,,91.076,,,,,90.442,,,,,89.768,,,,,89.047,,,,,88.242,,,,,87.337,,,,,86.323,,,,,85.186,,,,,83.928,,,,,83.752,,,,,82.893,,,,,80.947,,,,,80.669,,,,,80.042,,,,,77.297,,,,,74.374,,,,,71.958,,,,,69.556,,,,,68.41,,,,,67.242
LVA,LATVIA,75.807,,,,,74.432,,,,,73.006,,,,,71.532,,,,,70.056,,,,,68.888,,,,,68.099,,,,,67.706,,,,,67.716,,,,,68.0,,,,,68.067,,,,,68.75,,,,,69.25,,,,,68.56,,,,,67.095,,,,,64.157,,,,,60.713,,,,,56.832,,,,,52.867,,,,,49.51,,,,,46.425
MAC,MACAU,100.0,,,,,100.0,,,,,100.0,,,,,100.0,,,,,100.0,,,,,100.0,,,,,100.0,,,,,100.0,,,,,100.0,,,,,100.0,,,,,100.0,,,,,99.91,,,,,99.763,,,,,99.377,,,,,98.519,,,,,97.891,,,,,97.032,,,,,96.177,,,,,95.289,,,,,96.169,,,,,96.89
MAR,MOROCCO,72.525,,,,,70.644,,,,,68.69,,,,,66.667,,,,,64.581,,,,,62.469,,,,,60.436,,,,,58.501,,,,,56.676,,,,,54.97,,,,,53.335,,,,,51.692,,,,,48.391,,,,,44.779,,,,,41.21,,,,,37.714,,,,,34.477,,,,,31.862,,,,,29.357,,,,,27.74,,,,,26.184
MCO,MONACO,100.0,,,,,100.0,,,,,100.0,,,,,100.0,,,,,100.0,,,,,100.0,,,,,100.0,,,,,100.0,,,,,100.0,,,,,100.0,,,,,100.0,,,,,100.0,,,,,100.0,,,,,100.0,,,,,100.0,,,,,100.0,,,,,100.0,,,,,100.0,,,,,100.0,,,,,100.0,,,,,100.0
MDA,"MOLDOVA, REPUBLIC OF",69.573,,,,,67.247,,,,,64.834,,,,,62.342,,,,,59.773,,,,,56.972,,,,,53.888,,,,,50.534,,,,,46.936,,,,,43.163,,,,,44.589,,,,,46.294,,,,,46.762,,,,,44.176,,,,,40.387,,,,,36.222,,,,,32.068,,,,,27.566,,,,,23.424,,,,,19.733,,,,,16.499
MDG,MADAGASCAR,57.206,,,,,54.11,,,,,50.982,,,,,47.846,,,,,44.722,,,,,41.553,,,,,38.342,,,,,35.122,,,,,31.93,,,,,28.814,,,,,27.121,,,,,25.796,,,,,23.566,,,,,20.933,,,,,18.524,,,,,16.334,,,,,14.1,,,,,12.379,,,,,10.642,,,,,9.122,,,,,7.8
MDV,MALDIVES,65.576,,,,,63.438,,,,,61.245,,,,,59.007,,,,,56.73,,,,,54.028,,,,,50.307,,,,,45.592,,,,,39.994,,,,,33.75,,,,,27.706,,,,,25.638,,,,,25.84,,,,,25.491,,,,,22.25,,,,,17.304,,,,,11.893,,,,,11.458,,,,,11.173,,,,,10.889,,,,,10.612
MEX,MEXICO,86.122,,,,,85.322,,,,,84.485,,,,,83.609,,,,,82.679,,,,,81.646,,,,,80.5,,,,,79.229,,,,,77.825,,,,,76.308,,,,,74.722,,,,,73.368,,,,,71.419,,,,,68.95,,,,,66.339,,,,,62.759,,,,,59.021,,,,,54.931,,,,,50.753,,,,,46.68,,,,,42.655
MHL,MARSHALL ISLANDS,82.416,,,,,81.254,,,,,80.033,,,,,78.753,,,,,77.415,,,,,76.017,,,,,74.564,,,,,73.067,,,,,71.532,,,,,69.962,,,,,68.361,,,,,66.727,,,,,65.054,,,,,61.945,,,,,58.298,,,,,60.632,,,,,53.492,,,,,42.663,,,,,35.584,,,,,29.081,,,,,23.337
MKD,MACEDONIA,71.758,,,,,70.022,,,,,68.227,,,,,66.375,,,,,64.472,,,,,62.541,,,,,60.944,,,,,59.822,,,,,59.189,,,,,59.055,,,,,59.361,,,,,59.725,,,,,57.789,,,,,55.696,,,,,53.469,,,,,50.569,,,,,47.079,,,,,40.355,,,,,34.02,,,,,28.429,,,,,23.431
MLI,MALI,59.19,,,,,56.22,,,,,53.204,,,,,50.165,,,,,47.11,,,,,43.972,,,,,40.765,,,,,37.521,,,,,34.277,,,,,31.094,,,,,28.078,,,,,25.519,,,,,23.322,,,,,21.013,,,,,18.484,,,,,16.244,,,,,14.33,,,,,12.608,,,,,11.066,,,,,9.692,,,,,8.472
MLT,MALTA,97.56,,,,,97.368,,,,,97.161,,,,,96.938,,,,,96.698,,,,,96.406,,,,,95.995,,,,,95.432,,,,,94.671,,,,,93.645,,,,,92.368,,,,,90.946,,,,,90.381,,,,,89.828,,,,,89.785,,,,,89.742,,,,,89.699,,,,,89.825,,,,,90.129,,,,,89.837,,,,,88.858
MMR,MYANMAR (Burma) ,56.774,,,,,53.614,,,,,50.425,,,,,47.232,,,,,44.062,,,,,40.939,,,,,37.888,,,,,34.93,,,,,32.083,,,,,29.385,,,,,27.215,,,,,25.642,,,,,24.61,,,,,24.08,,,,,23.973,,,,,23.922,,,,,22.83,,,,,20.971,,,,,19.226,,,,,17.616,,,,,16.158
MNE,MONTENEGRO,74.265,,,,,72.751,,,,,71.182,,,,,69.561,,,,,67.962,,,,,66.502,,,,,65.198,,,,,64.059,,,,,63.096,,,,,62.2,,,,,58.544,,,,,53.365,,,,,48.037,,,,,42.325,,,,,36.813,,,,,31.622,,,,,26.853,,,,,22.566,,,,,18.788,,,,,15.515,,,,,12.723
MNG,MONGOLIA,85.126,,,,,84.055,,,,,82.922,,,,,81.726,,,,,80.281,,,,,78.255,,,,,75.543,,,,,72.023,,,,,67.567,,,,,62.494,,,,,57.133,,,,,56.805,,,,,57.033,,,,,55.04,,,,,52.083,,,,,48.656,,,,,45.052,,,,,42.114,,,,,35.679,,,,,26.619,,,,,20.0
MNP,NORTHERN MARIANA ISLANDS,94.989,,,,,94.627,,,,,94.241,,,,,93.829,,,,,93.389,,,,,92.921,,,,,92.423,,,,,91.899,,,,,91.347,,,,,90.769,,,,,90.162,,,,,89.557,,,,,89.731,,,,,88.381,,,,,86.784,,,,,80.554,,,,,70.062,,,,,58.759,,,,,51.219,,,,,45.835,,,,,42.002
MOZ,MOZAMBIQUE,50.477,,,,,47.443,,,,,44.428,,,,,41.453,,,,,38.555,,,,,36.02,,,,,33.925,,,,,32.246,,,,,30.958,,,,,29.999,,,,,29.098,,,,,26.221,,,,,21.096,,,,,16.746,,,,,13.111,,,,,8.695,,,,,5.78,,,,,4.608,,,,,3.667,,,,,2.954,,,,,2.377
MRT,MAURITANIA,60.436,,,,,57.817,,,,,55.154,,,,,52.46,,,,,49.752,,,,,47.046,,,,,44.566,,,,,42.63,,,,,41.23,,,,,40.353,,,,,39.989,,,,,39.83,,,,,39.671,,,,,34.994,,,,,27.371,,,,,20.569,,,,,14.564,,,,,10.09,,,,,6.88,,,,,4.638,,,,,3.102
MSR,MONTSERRAT,23.823,,,,,22.261,,,,,20.774,,,,,19.361,,,,,18.022,,,,,16.773,,,,,15.706,,,,,14.818,,,,,14.088,,,,,13.501,,,,,11.016,,,,,12.847,,,,,12.549,,,,,12.549,,,,,12.549,,,,,11.984,,,,,11.425,,,,,13.405,,,,,15.82,,,,,15.8,,,,,15.8
MTQ,MARTINIQUE,92.256,,,,,91.746,,,,,91.206,,,,,90.633,,,,,90.028,,,,,89.474,,,,,89.115,,,,,88.971,,,,,89.047,,,,,89.342,,,,,89.713,,,,,88.423,,,,,86.283,,,,,83.82,,,,,79.612,,,,,71.199,,,,,61.018,,,,,49.953,,,,,40.089,,,,,33.63,,,,,32.89
MUS,MAURITIUS,53.216,,,,,51.227,,,,,49.234,,,,,47.243,,,,,45.261,,,,,43.605,,,,,42.478,,,,,41.871,,,,,41.779,,,,,42.18,,,,,42.67,,,,,43.284,,,,,43.9,,,,,42.325,,,,,42.351,,,,,43.443,,,,,42.032,,,,,36.999,,,,,33.177,,,,,30.922,,,,,29.327
MWI,MALAWI,31.517,,,,,28.581,,,,,25.816,,,,,23.232,,,,,20.848,,,,,18.901,,,,,17.409,,,,,16.306,,,,,15.543,,,,,15.054,,,,,14.61,,,,,13.263,,,,,11.56,,,,,10.163,,,,,9.05,,,,,7.652,,,,,6.053,,,,,4.908,,,,,4.39,,,,,3.924,,,,,3.506
MYS,MALAYSIA,85.996,,,,,84.874,,,,,83.679,,,,,82.409,,,,,81.063,,,,,79.64,,,,,77.895,,,,,75.396,,,,,72.006,,,,,67.575,,,,,61.977,,,,,55.688,,,,,49.794,,,,,45.893,,,,,42.044,,,,,37.652,,,,,33.454,,,,,29.913,,,,,26.598,,,,,23.417,,,,,20.361
MYT,MAYOTTE,61.326,,,,,59.447,,,,,57.54,,,,,55.611,,,,,53.682,,,,,52.091,,,,,50.953,,,,,50.273,,,,,50.051,,,,,50.232,,,,,47.731,,,,,41.458,,,,,36.057,,,,,32.999,,,,,30.08,,,,,27.544,,,,,25.146,,,,,22.033,,,,,16.333,,,,,11.881,,,,,8.52
NAM,NAMIBIA,61.515,,,,,58.614,,,,,55.652,,,,,52.65,,,,,49.628,,,,,46.609,,,,,43.619,,,,,40.682,,,,,37.818,,,,,35.043,,,,,32.373,,,,,29.813,,,,,27.656,,,,,26.366,,,,,25.066,,,,,23.651,,,,,22.292,,,,,20.035,,,,,17.909,,,,,15.526,,,,,13.408
NCL,NEW CALEDONIA,69.51,,,,,67.918,,,,,66.282,,,,,64.606,,,,,62.92,,,,,61.696,,,,,61.112,,,,,61.18,,,,,61.899,,,,,63.176,,,,,61.78,,,,,60.09,,,,,59.537,,,,,58.834,,,,,57.426,,,,,55.165,,,,,51.232,,,,,44.646,,,,,37.36,,,,,30.602,,,,,24.589
NER,NIGER,37.063,,,,,33.896,,,,,30.868,,,,,27.995,,,,,25.292,,,,,22.767,,,,,20.571,,,,,18.878,,,,,17.616,,,,,16.732,,,,,16.186,,,,,15.773,,,,,15.368,,,,,14.536,,,,,13.443,,,,,11.419,,,,,8.794,,,,,6.809,,,,,5.793,,,,,5.306,,,,,4.857
NGA,NIGERIA,71.331,,,,,68.851,,,,,66.257,,,,,63.562,,,,,60.779,,,,,57.924,,,,,55.015,,,,,52.072,,,,,49.001,,,,,45.75,,,,,42.351,,,,,38.843,,,,,35.282,,,,,31.837,,,,,28.582,,,,,25.533,,,,,22.706,,,,,20.108,,,,,16.161,,,,,12.254,,,,,10.213
NIC,NICARAGUA,72.251,,,,,70.398,,,,,68.476,,,,,66.488,,,,,64.439,,,,,62.386,,,,,60.49,,,,,58.774,,,,,57.252,,,,,55.933,,,,,54.737,,,,,53.534,,,,,52.337,,,,,51.138,,,,,49.938,,,,,48.737,,,,,47.03,,,,,42.707,,,,,39.581,,,,,37.363,,,,,35.196
NIU,NIUE,54.904,,,,,52.773,,,,,50.632,,,,,48.489,,,,,46.352,,,,,44.188,,,,,41.98,,,,,39.74,,,,,37.479,,,,,35.212,,,,,33.069,,,,,31.452,,,,,30.895,,,,,31.048,,,,,27.031,,,,,23.355,,,,,21.095,,,,,21.509,,,,,21.506,,,,,21.503,,,,,21.5
NLD,NETHERLANDS,90.527,,,,,89.903,,,,,89.242,,,,,88.544,,,,,87.807,,,,,87.029,,,,,86.069,,,,,84.672,,,,,82.747,,,,,80.172,,,,,76.799,,,,,72.811,,,,,68.684,,,,,66.719,,,,,64.745,,,,,63.183,,,,,61.663,,,,,60.753,,,,,59.752,,,,,57.98,,,,,56.136
NOR,NORWAY,86.94,,,,,86.202,,,,,85.43,,,,,84.622,,,,,83.752,,,,,82.776,,,,,81.683,,,,,80.462,,,,,79.102,,,,,77.49,,,,,76.081,,,,,73.764,,,,,71.956,,,,,71.31,,,,,70.545,,,,,68.187,,,,,65.396,,,,,57.568,,,,,49.92,,,,,50.223,,,,,50.458
NPL,NEPAL,36.674,,,,,33.467,,,,,30.405,,,,,27.508,,,,,24.828,,,,,22.42,,,,,20.269,,,,,18.355,,,,,16.656,,,,,15.114,,,,,13.431,,,,,10.895,,,,,8.854,,,,,7.386,,,,,6.091,,,,,4.83,,,,,3.956,,,,,3.737,,,,,3.48,,,,,3.053,,,,,2.677
NRU,NAURU,100.0,,,,,100.0,,,,,100.0,,,,,100.0,,,,,100.0,,,,,100.0,,,,,100.0,,,,,100.0,,,,,100.0,,,,,100.0,,,,,100.0,,,,,100.0,,,,,100.0,,,,,100.0,,,,,100.0,,,,,100.0,,,,,100.0,,,,,100.0,,,,,100.0,,,,,100.0,,,,,100.0
NZL,NEW ZEALAND,89.747,,,,,89.257,,,,,88.746,,,,,88.214,,,,,87.664,,,,,87.166,,,,,86.75,,,,,86.424,,,,,86.194,,,,,86.052,,,,,85.677,,,,,85.333,,,,,84.742,,,,,83.673,,,,,83.428,,,,,82.774,,,,,81.106,,,,,78.891,,,,,75.998,,,,,73.627,,,,,72.523
OMN,OMAN,82.561,,,,,81.523,,,,,80.438,,,,,79.306,,,,,78.128,,,,,76.923,,,,,75.696,,,,,74.45,,,,,73.188,,,,,71.907,,,,,71.569,,,,,71.669,,,,,66.102,,,,,57.079,,,,,47.562,,,,,38.213,,,,,29.665,,,,,22.338,,,,,16.4,,,,,11.961,,,,,8.6
PAK,PAKISTAN,56.013,,,,,53.131,,,,,50.227,,,,,47.322,,,,,44.446,,,,,41.824,,,,,39.527,,,,,37.55,,,,,35.882,,,,,34.481,,,,,33.138,,,,,31.836,,,,,30.576,,,,,29.344,,,,,28.066,,,,,26.341,,,,,24.817,,,,,23.511,,,,,22.104,,,,,19.712,,,,,17.521
PAN,PANAMA,86.924,,,,,85.908,,,,,84.827,,,,,83.678,,,,,82.46,,,,,81.172,,,,,79.681,,,,,77.542,,,,,74.611,,,,,70.741,,,,,65.787,,,,,59.974,,,,,53.866,,,,,52.097,,,,,50.446,,,,,49.038,,,,,47.64,,,,,44.431,,,,,41.249,,,,,38.469,,,,,35.763
PER,PERU,86.015,,,,,85.176,,,,,84.295,,,,,83.373,,,,,82.403,,,,,81.304,,,,,80.034,,,,,78.576,,,,,76.911,,,,,75.034,,,,,73.042,,,,,70.951,,,,,68.901,,,,,66.864,,,,,64.574,,,,,61.461,,,,,57.406,,,,,51.868,,,,,46.811,,,,,43.884,,,,,41.0
PHL,PHILIPPINES,65.607,,,,,63.366,,,,,61.065,,,,,58.713,,,,,56.321,,,,,53.899,,,,,51.596,,,,,49.836,,,,,48.648,,,,,48.033,,,,,47.99,,,,,48.29,,,,,48.59,,,,,43.046,,,,,37.481,,,,,35.56,,,,,32.979,,,,,31.604,,,,,30.297,,,,,28.702,,,,,27.135
PLW,PALAU,94.124,,,,,93.61,,,,,93.054,,,,,92.453,,,,,91.805,,,,,90.979,,,,,89.505,,,,,87.105,,,,,83.368,,,,,77.7,,,,,69.963,,,,,71.431,,,,,69.593,,,,,67.38,,,,,62.542,,,,,61.138,,,,,59.715,,,,,58.276,,,,,56.823,,,,,55.357,,,,,53.883
PNG,PAPUA NEW GUINEA,26.251,,,,,23.665,,,,,21.261,,,,,19.04,,,,,17.001,,,,,15.139,,,,,13.656,,,,,12.783,,,,,12.432,,,,,12.567,,,,,13.204,,,,,14.081,,,,,14.994,,,,,13.998,,,,,13.047,,,,,11.93,,,,,9.796,,,,,5.47,,,,,3.725,,,,,2.521,,,,,1.7
POL,POLAND,70.019,,,,,68.272,,,,,66.471,,,,,64.622,,,,,62.924,,,,,61.691,,,,,60.944,,,,,60.694,,,,,60.945,,,,,61.456,,,,,61.716,,,,,61.493,,,,,61.27,,,,,59.942,,,,,58.086,,,,,55.28,,,,,52.125,,,,,50.126,,,,,47.892,,,,,43.194,,,,,38.338
PRI,PUERTO RICO,99.664,,,,,99.637,,,,,99.606,,,,,99.574,,,,,99.539,,,,,99.501,,,,,99.435,,,,,99.239,,,,,98.773,,,,,97.638,,,,,94.647,,,,,87.131,,,,,72.171,,,,,69.152,,,,,66.913,,,,,62.768,,,,,58.326,,,,,51.52,,,,,44.544,,,,,42.431,,,,,40.591
PRK,"KOREA, D.P.R.O.",72.007,,,,,70.278,,,,,68.49,,,,,66.645,,,,,64.786,,,,,63.171,,,,,61.861,,,,,60.87,,,,,60.21,,,,,59.805,,,,,59.412,,,,,59.018,,,,,58.384,,,,,57.644,,,,,56.9,,,,,56.7,,,,,54.2,,,,,45.091,,,,,40.195,,,,,35.463,,,,,31.0
PRT,PORTUGAL,77.193,,,,,75.477,,,,,73.676,,,,,71.791,,,,,69.828,,,,,67.788,,,,,65.61,,,,,63.184,,,,,60.506,,,,,57.575,,,,,54.399,,,,,51.109,,,,,47.915,,,,,45.298,,,,,42.785,,,,,40.779,,,,,38.804,,,,,36.866,,,,,34.955,,,,,32.96,,,,,31.195
PRY,PARAGUAY,77.598,,,,,75.953,,,,,74.229,,,,,72.425,,,,,70.545,,,,,68.586,,,,,66.43,,,,,64.028,,,,,61.374,,,,,58.465,,,,,55.331,,,,,52.131,,,,,48.694,,,,,44.983,,,,,41.688,,,,,38.981,,,,,37.065,,,,,36.243,,,,,35.569,,,,,35.067,,,,,34.568
PSE,STATE OF PALESTINE,82.899,,,,,81.897,,,,,80.849,,,,,79.755,,,,,78.618,,,,,77.474,,,,,76.341,,,,,75.226,,,,,74.133,,,,,73.061,,,,,71.969,,,,,70.414,,,,,67.864,,,,,65.202,,,,,62.444,,,,,59.6,,,,,54.298,,,,,48.898,,,,,44.044,,,,,40.627,,,,,37.3
PYF,FRENCH POLYNESIA,62.204,,,,,60.355,,,,,58.475,,,,,56.57,,,,,54.665,,,,,53.12,,,,,52.061,,,,,51.494,,,,,51.42,,,,,51.779,,,,,52.381,,,,,53.548,,,,,55.864,,,,,57.286,,,,,57.397,,,,,56.877,,,,,55.252,,,,,48.209,,,,,42.444,,,,,38.176,,,,,34.085
QAT,QATAR,99.823,,,,,99.806,,,,,99.786,,,,,99.765,,,,,99.734,,,,,99.664,,,,,99.524,,,,,99.244,,,,,98.655,,,,,97.449,,,,,96.311,,,,,94.998,,,,,92.786,,,,,90.1,,,,,89.363,,,,,88.909,,,,,88.382,,,,,87.235,,,,,85.237,,,,,82.399,,,,,79.151
REU,REUNION,97.382,,,,,97.156,,,,,96.91,,,,,96.644,,,,,96.356,,,,,96.045,,,,,95.679,,,,,95.05,,,,,94.02,,,,,92.399,,,,,89.874,,,,,86.119,,,,,81.227,,,,,67.916,,,,,53.48,,,,,44.459,,,,,41.662,,,,,38.154,,,,,32.838,,,,,27.926,,,,,23.493
ROU,ROMANIA,64.693,,,,,62.552,,,,,60.36,,,,,58.125,,,,,56.139,,,,,54.604,,,,,53.534,,,,,52.936,,,,,52.792,,,,,52.762,,,,,53.004,,,,,53.769,,,,,53.217,,,,,49.641,,,,,46.07,,,,,42.831,,,,,40.319,,,,,37.697,,,,,34.209,,,,,30.619,,,,,25.625
RUS,RUSSIA,81.931,,,,,80.895,,,,,79.813,,,,,78.686,,,,,77.552,,,,,76.472,,,,,75.457,,,,,74.514,,,,,73.652,,,,,72.93,,,,,73.35,,,,,73.372,,,,,73.394,,,,,71.923,,,,,69.751,,,,,66.427,,,,,62.471,,,,,58.173,,,,,53.731,,,,,48.954,,,,,44.087
RWA,RWANDA,39.195,,,,,35.942,,,,,32.814,,,,,29.831,,,,,27.011,,,,,24.42,,,,,22.213,,,,,20.356,,,,,18.81,,,,,17.539,,,,,13.772,,,,,8.294,,,,,5.416,,,,,5.057,,,,,4.721,,,,,3.998,,,,,3.192,,,,,2.769,,,,,2.4,,,,,2.079,,,,,1.801
SAU,SAUDI ARABIA,88.399,,,,,87.773,,,,,87.119,,,,,86.435,,,,,85.711,,,,,84.921,,,,,84.057,,,,,83.114,,,,,82.084,,,,,80.979,,,,,79.848,,,,,78.67,,,,,76.583,,,,,72.647,,,,,65.86,,,,,58.349,,,,,48.669,,,,,38.769,,,,,31.25,,,,,25.966,,,,,21.3
SDN,SUDAN,50.784,,,,,47.852,,,,,44.936,,,,,42.054,,,,,39.246,,,,,36.895,,,,,35.102,,,,,33.84,,,,,33.084,,,,,32.76,,,,,32.495,,,,,32.232,,,,,28.61,,,,,22.937,,,,,19.959,,,,,18.943,,,,,16.523,,,,,13.373,,,,,10.746,,,,,8.584,,,,,6.824
SEN,SENEGAL,61.448,,,,,58.851,,,,,56.202,,,,,53.518,,,,,50.814,,,,,48.121,,,,,45.746,,,,,43.791,,,,,42.252,,,,,41.121,,,,,40.345,,,,,39.62,,,,,38.9,,,,,37.549,,,,,35.769,,,,,33.693,,,,,30.0,,,,,26.351,,,,,23.0,,,,,19.958,,,,,17.23
SGP,SINGAPORE,100.0,,,,,100.0,,,,,100.0,,,,,100.0,,,,,100.0,,,,,100.0,,,,,100.0,,,,,100.0,,,,,100.0,,,,,100.0,,,,,100.0,,,,,100.0,,,,,100.0,,,,,100.0,,,,,100.0,,,,,100.0,,,,,100.0,,,,,100.0,,,,,100.0,,,,,100.0,,,,,99.445
SHN,ST. HELENA,50.609,,,,,48.602,,,,,46.599,,,,,44.607,,,,,42.653,,,,,41.102,,,,,40.067,,,,,39.534,,,,,39.499,,,,,39.901,,,,,40.365,,,,,41.273,,,,,42.573,,,,,43.533,,,,,43.785,,,,,44.477,,,,,46.388,,,,,48.129,,,,,49.204,,,,,50.282,,,,,51.358
SLB,SOLOMON ISLANDS,36.844,,,,,34.757,,,,,32.727,,,,,30.759,,,,,28.806,,,,,26.722,,,,,24.535,,,,,22.281,,,,,20.005,,,,,17.811,,,,,15.811,,,,,14.664,,,,,13.677,,,,,12.433,,,,,10.576,,,,,9.125,,,,,8.917,,,,,7.245,,,,,5.768,,,,,4.679,,,,,3.8
SLE,SIERRA LEONE,59.511,,,,,56.738,,,,,53.921,,,,,51.079,,,,,48.231,,,,,45.458,,,,,42.968,,,,,40.775,,,,,38.876,,,,,37.263,,,,,35.827,,,,,34.416,,,,,33.032,,,,,31.569,,,,,29.105,,,,,26.756,,,,,23.4,,,,,20.221,,,,,17.377,,,,,14.856,,,,,12.646
SLV,EL SALVADOR,78.894,,,,,77.445,,,,,75.926,,,,,74.34,,,,,72.686,,,,,70.891,,,,,68.898,,,,,66.697,,,,,64.28,,,,,61.648,,,,,58.912,,,,,53.967,,,,,49.233,,,,,46.636,,,,,44.058,,,,,41.51,,,,,39.402,,,,,38.909,,,,,38.345,,,,,37.422,,,,,36.509
SMR,SAN MARINO,96.145,,,,,95.875,,,,,95.588,,,,,95.281,,,,,94.957,,,,,94.659,,,,,94.41,,,,,94.218,,,,,94.089,,,,,94.019,,,,,93.44,,,,,91.664,,,,,90.4,,,,,88.291,,,,,81.231,,,,,71.484,,,,,59.8,,,,,54.402,,,,,48.9,,,,,46.037,,,,,43.2
SOM,SOMALIA,59.757,,,,,56.869,,,,,53.933,,,,,50.97,,,,,48.0,,,,,45.045,,,,,42.232,,,,,39.646,,,,,37.289,,,,,35.16,,,,,33.247,,,,,31.425,,,,,29.658,,,,,28.067,,,,,26.763,,,,,25.498,,,,,22.678,,,,,19.964,,,,,17.312,,,,,14.873,,,,,12.726
SPM,ST. PIERRE AND MIQUELON,94.601,,,,,94.211,,,,,93.794,,,,,93.349,,,,,92.875,,,,,92.366,,,,,91.814,,,,,91.216,,,,,90.566,,,,,89.862,,,,,89.107,,,,,88.9,,,,,88.9,,,,,89.435,,,,,89.613,,,,,89.042,,,,,88.443,,,,,87.816,,,,,86.445,,,,,83.473,,,,,80.0
SRB,SERBIA,71.707,,,,,69.798,,,,,67.818,,,,,65.771,,,,,63.665,,,,,61.59,,,,,59.618,,,,,57.763,,,,,56.033,,,,,54.433,,,,,52.981,,,,,51.749,,,,,50.393,,,,,48.341,,,,,46.146,,,,,43.128,,,,,39.744,,,,,34.202,,,,,29.064,,,,,24.42,,,,,20.306
SSD,SOUTH SUDAN,35.403,,,,,32.326,,,,,29.394,,,,,26.624,,,,,24.04,,,,,21.878,,,,,20.163,,,,,18.839,,,,,17.858,,,,,17.154,,,,,16.504,,,,,15.873,,,,,13.276,,,,,9.844,,,,,8.519,,,,,8.576,,,,,8.633,,,,,8.69,,,,,8.748,,,,,8.806,,,,,8.865
STP,SAO TOME AND PRINCIPE,78.239,,,,,76.748,,,,,75.187,,,,,73.557,,,,,71.86,,,,,70.098,,,,,67.987,,,,,65.298,,,,,61.988,,,,,58.023,,,,,53.424,,,,,48.631,,,,,43.648,,,,,38.049,,,,,33.482,,,,,31.639,,,,,29.518,,,,,21.833,,,,,16.073,,,,,14.735,,,,,13.49
SUR,SURINAME,81.535,,,,,80.307,,,,,79.019,,,,,77.669,,,,,76.259,,,,,74.767,,,,,73.122,,,,,71.311,,,,,69.326,,,,,67.159,,,,,64.85,,,,,62.468,,,,,60.026,,,,,57.532,,,,,55.0,,,,,49.469,,,,,45.948,,,,,47.109,,,,,47.26,,,,,47.074,,,,,46.888
SVK,SLOVAKIA (SLOVAK REPUBLIC),65.747,,,,,63.723,,,,,61.65,,,,,59.534,,,,,57.454,,,,,55.887,,,,,54.923,,,,,54.571,,,,,54.834,,,,,55.563,,,,,56.233,,,,,56.537,,,,,56.491,,,,,54.176,,,,,51.638,,,,,46.257,,,,,41.057,,,,,37.043,,,,,33.464,,,,,31.712,,,,,30.012
SVN,SLOVENIA,62.104,,,,,59.84,,,,,57.533,,,,,55.193,,,,,52.974,,,,,51.32,,,,,50.265,,,,,49.811,,,,,49.959,,,,,50.469,,,,,50.752,,,,,50.616,,,,,50.38,,,,,49.58,,,,,48.045,,,,,42.374,,,,,37.004,,,,,32.497,,,,,28.204,,,,,23.816,,,,,19.922
SWE,SWEDEN,89.978,,,,,89.468,,,,,88.935,,,,,88.379,,,,,87.794,,,,,87.172,,,,,86.509,,,,,85.805,,,,,85.056,,,,,84.319,,,,,84.026,,,,,83.824,,,,,83.1,,,,,83.1,,,,,83.087,,,,,82.73,,,,,81.034,,,,,77.056,,,,,72.49,,,,,69.269,,,,,65.724
SWZ,SWAZILAND,29.743,,,,,28.036,,,,,26.39,,,,,24.808,,,,,23.291,,,,,22.106,,,,,21.4,,,,,21.14,,,,,21.316,,,,,21.916,,,,,22.638,,,,,23.048,,,,,22.908,,,,,21.804,,,,,17.846,,,,,14.004,,,,,9.705,,,,,6.494,,,,,3.913,,,,,2.429,,,,,1.75
SYC,SEYCHELLES,68.152,,,,,66.414,,,,,64.63,,,,,62.804,,,,,60.941,,,,,59.045,,,,,57.123,,,,,55.178,,,,,53.235,,,,,51.605,,,,,50.4,,,,,49.621,,,,,49.268,,,,,49.292,,,,,49.366,,,,,46.266,,,,,39.068,,,,,33.123,,,,,27.673,,,,,27.455,,,,,27.399
SYR,SYRIAN ARAB REPUBLIC,72.166,,,,,70.234,,,,,68.226,,,,,66.149,,,,,64.007,,,,,61.832,,,,,59.708,,,,,57.651,,,,,55.673,,,,,53.783,,,,,51.947,,,,,50.104,,,,,48.931,,,,,47.891,,,,,46.708,,,,,45.061,,,,,43.345,,,,,40.006,,,,,36.758,,,,,33.625,,,,,30.63
TCA,TURKS AND CAICOS ISLANDS,98.207,,,,,98.04,,,,,97.858,,,,,97.66,,,,,97.443,,,,,97.113,,,,,96.46,,,,,95.297,,,,,93.258,,,,,89.656,,,,,84.55,,,,,79.928,,,,,74.343,,,,,65.439,,,,,55.259,,,,,53.063,,,,,51.106,,,,,49.392,,,,,47.679,,,,,47.405,,,,,47.2
TCD,CHAD,37.777,,,,,34.756,,,,,31.853,,,,,29.085,,,,,26.524,,,,,24.535,,,,,23.11,,,,,22.191,,,,,21.739,,,,,21.627,,,,,21.534,,,,,21.441,,,,,20.811,,,,,19.779,,,,,18.787,,,,,15.566,,,,,11.568,,,,,8.406,,,,,6.695,,,,,5.495,,,,,4.5
TGO,TOGO,59.266,,,,,56.471,,,,,53.635,,,,,50.775,,,,,47.937,,,,,45.181,,,,,42.52,,,,,39.968,,,,,37.533,,,,,35.185,,,,,32.907,,,,,30.705,,,,,28.589,,,,,26.562,,,,,24.663,,,,,22.927,,,,,21.28,,,,,14.95,,,,,10.098,,,,,6.695,,,,,4.384
THA,THAILAND,55.7,,,,,52.707,,,,,49.694,,,,,46.684,,,,,43.697,,,,,40.755,,,,,37.973,,,,,35.632,,,,,33.73,,,,,32.241,,,,,31.143,,,,,30.276,,,,,29.424,,,,,28.095,,,,,26.791,,,,,23.758,,,,,20.889,,,,,20.221,,,,,19.672,,,,,18.041,,,,,16.479
TJK,TAJIKISTAN,41.957,,,,,38.952,,,,,36.029,,,,,33.205,,,,,30.712,,,,,28.842,,,,,27.541,,,,,26.77,,,,,26.5,,,,,26.429,,,,,26.487,,,,,28.877,,,,,31.658,,,,,33.235,,,,,34.289,,,,,35.536,,,,,36.876,,,,,35.152,,,,,33.168,,,,,31.242,,,,,29.378
TKL,TOKELAU,0.0,,,,,0.0,,,,,0.0,,,,,0.0,,,,,0.0,,,,,0.0,,,,,0.0,,,,,0.0,,,,,0.0,,,,,0.0,,,,,0.0,,,,,0.0,,,,,0.0,,,,,0.0,,,,,0.0,,,,,0.0,,,,,0.0,,,,,0.0,,,,,0.0,,,,,0.0,,,,,0.0
TKM,TURKMENISTAN,66.317,,,,,64.011,,,,,61.637,,,,,59.208,,,,,56.732,,,,,54.257,,,,,52.019,,,,,50.068,,,,,48.41,,,,,47.048,,,,,45.913,,,,,44.794,,,,,45.075,,,,,45.976,,,,,47.078,,,,,47.557,,,,,47.78,,,,,47.139,,,,,46.412,,,,,45.686,,,,,44.963
TLS,EAST TIMOR,44.221,,,,,42.07,,,,,39.948,,,,,37.864,,,,,35.823,,,,,33.823,,,,,31.84,,,,,29.883,,,,,27.96,,,,,26.08,,,,,24.263,,,,,22.534,,,,,20.842,,,,,18.563,,,,,16.483,,,,,14.593,,,,,12.886,,,,,11.353,,,,,10.091,,,,,9.991,,,,,9.892
TON,TONGA,34.44,,,,,32.552,,,,,30.719,,,,,28.945,,,,,27.233,,,,,25.769,,,,,24.653,,,,,23.859,,,,,23.368,,,,,23.155,,,,,23.012,,,,,22.864,,,,,22.704,,,,,22.268,,,,,21.154,,,,,20.337,,,,,20.187,,,,,19.499,,,,,17.552,,,,,15.483,,,,,12.885
TTO,TRINIDAD AND TOBAGO,25.086,,,,,23.392,,,,,21.78,,,,,20.249,,,,,18.8,,,,,17.432,,,,,16.117,,,,,14.782,,,,,13.444,,,,,12.122,,,,,10.833,,,,,9.622,,,,,8.534,,,,,9.597,,,,,10.863,,,,,11.372,,,,,11.876,,,,,14.347,,,,,17.349,,,,,19.338,,,,,21.418
TUN,TUNISIA,77.18,,,,,75.773,,,,,74.309,,,,,72.788,,,,,71.229,,,,,69.757,,,,,68.402,,,,,67.179,,,,,66.098,,,,,65.128,,,,,63.432,,,,,61.474,,,,,57.946,,,,,53.839,,,,,50.569,,,,,47.588,,,,,43.482,,,,,39.724,,,,,37.511,,,,,35.244,,,,,32.293
TUR,TURKEY,87.282,,,,,86.372,,,,,85.409,,,,,84.39,,,,,83.118,,,,,81.238,,,,,78.621,,,,,75.099,,,,,70.487,,,,,66.841,,,,,64.741,,,,,62.123,,,,,59.203,,,,,52.448,,,,,43.78,,,,,41.586,,,,,38.234,,,,,34.227,,,,,31.515,,,,,28.553,,,,,24.774
TUV,TUVALU,66.115,,,,,64.236,,,,,62.312,,,,,60.348,,,,,58.35,,,,,56.324,,,,,54.277,,,,,52.216,,,,,50.148,,,,,48.08,,,,,46.018,,,,,43.97,,,,,40.661,,,,,34.251,,,,,29.822,,,,,25.761,,,,,22.081,,,,,18.793,,,,,15.895,,,,,13.37,,,,,11.193
TZA,"TANZANIA, UNITED REPUBLIC OF",49.951,,,,,46.641,,,,,43.359,,,,,40.135,,,,,36.994,,,,,33.965,,,,,31.156,,,,,28.596,,,,,26.279,,,,,24.192,,,,,22.309,,,,,20.543,,,,,18.884,,,,,16.767,,,,,14.555,,,,,11.146,,,,,7.852,,,,,6.03,,,,,5.246,,,,,4.409,,,,,3.491
UGA,UGANDA,36.936,,,,,33.62,,,,,30.458,,,,,27.471,,,,,24.667,,,,,22.025,,,,,19.554,,,,,17.263,,,,,15.158,,,,,13.248,,,,,12.082,,,,,11.663,,,,,11.076,,,,,9.152,,,,,7.534,,,,,7.04,,,,,6.664,,,,,5.509,,,,,4.417,,,,,3.532,,,,,2.82
UKR,UKRAINE,78.81,,,,,77.531,,,,,76.199,,,,,74.813,,,,,73.391,,,,,72.044,,,,,70.803,,,,,69.68,,,,,68.685,,,,,67.79,,,,,67.145,,,,,66.951,,,,,66.757,,,,,64.681,,,,,61.693,,,,,58.389,,,,,54.831,,,,,50.649,,,,,46.792,,,,,41.373,,,,,35.5
URY,URUGUAY,94.922,,,,,94.686,,,,,94.44,,,,,94.182,,,,,93.914,,,,,93.629,,,,,93.298,,,,,92.908,,,,,92.453,,,,,91.925,,,,,91.325,,,,,90.542,,,,,88.973,,,,,87.194,,,,,85.394,,,,,83.387,,,,,82.368,,,,,81.328,,,,,80.241,,,,,79.107,,,,,77.926
USA,UNITED STATES,88.857,,,,,88.2,,,,,87.51,,,,,86.786,,,,,86.027,,,,,85.231,,,,,84.369,,,,,83.348,,,,,82.143,,,,,80.731,,,,,79.089,,,,,77.25,,,,,75.3,,,,,74.494,,,,,73.738,,,,,73.653,,,,,73.602,,,,,71.879,,,,,69.996,,,,,67.163,,,,,64.153
UZB,UZBEKISTAN,52.381,,,,,49.605,,,,,46.831,,,,,44.077,,,,,41.359,,,,,38.976,,,,,37.342,,,,,36.424,,,,,36.204,,,,,36.676,,,,,37.429,,,,,38.44,,,,,40.172,,,,,40.722,,,,,40.782,,,,,39.087,,,,,36.714,,,,,35.289,,,,,33.978,,,,,31.592,,,,,28.872
VAT,HOLY SEE (VATICAN CITY STATE),100.0,,,,,100.0,,,,,100.0,,,,,100.0,,,,,100.0,,,,,100.0,,,,,100.0,,,,,100.0,,,,,100.0,,,,,100.0,,,,,100.0,,,,,100.0,,,,,100.0,,,,,100.0,,,,,100.0,,,,,100.0,,,,,100.0,,,,,100.0,,,,,100.0,,,,,100.0,,,,,100.0
VCT,SAINT VINCENT AND THE GRENADINES,64.808,,,,,62.898,,,,,60.946,,,,,58.959,,,,,56.941,,,,,54.901,,,,,52.864,,,,,50.867,,,,,48.918,,,,,47.023,,,,,45.186,,,,,43.38,,,,,41.409,,,,,38.602,,,,,35.87,,,,,33.225,,,,,30.683,,,,,28.252,,,,,25.943,,,,,23.759,,,,,21.705
VEN,VENEZUELA,96.392,,,,,96.191,,,,,95.98,,,,,95.757,,,,,95.522,,,,,95.275,,,,,94.896,,,,,94.268,,,,,93.314,,,,,91.911,,,,,89.889,,,,,87.32,,,,,84.284,,,,,81.925,,,,,79.185,,,,,75.786,,,,,71.852,,,,,67.022,,,,,61.613,,,,,54.556,,,,,47.313
VGB,VIRGIN ISLANDS (BRITISH),55.08,,,,,53.063,,,,,51.036,,,,,49.005,,,,,46.977,,,,,44.96,,,,,43.054,,,,,41.547,,,,,40.448,,,,,39.746,,,,,39.436,,,,,39.36,,,,,37.814,,,,,29.728,,,,,22.741,,,,,19.47,,,,,16.635,,,,,14.287,,,,,12.228,,,,,11.687,,,,,11.228
VIR,VIRGIN ISLANDS (U.S.),97.836,,,,,97.656,,,,,97.462,,,,,97.252,,,,,97.025,,,,,96.781,,,,,96.483,,,,,96.006,,,,,95.281,,,,,94.207,,,,,92.625,,,,,90.437,,,,,87.685,,,,,84.28,,,,,80.147,,,,,75.245,,,,,69.592,,,,,63.279,,,,,56.477,,,,,57.212,,,,,58.344
VNM,VIET NAM,55.934,,,,,52.791,,,,,49.625,,,,,46.462,,,,,43.311,,,,,40.103,,,,,36.856,,,,,33.606,,,,,30.393,,,,,27.281,,,,,24.374,,,,,22.187,,,,,20.255,,,,,19.561,,,,,19.247,,,,,18.782,,,,,18.3,,,,,16.421,,,,,14.7,,,,,13.094,,,,,11.641
VUT,VANUATU,39.331,,,,,37.265,,,,,35.244,,,,,33.275,,,,,31.369,,,,,29.545,,,,,27.807,,,,,26.155,,,,,24.589,,,,,23.099,,,,,21.673,,,,,20.164,,,,,18.715,,,,,16.722,,,,,14.74,,,,,13.395,,,,,12.325,,,,,11.329,,,,,10.404,,,,,9.546,,,,,8.752
WLF,WALLIS AND FUTUNA ISLANDS,0.0,,,,,0.0,,,,,0.0,,,,,0.0,,,,,0.0,,,,,0.0,,,,,0.0,,,,,0.0,,,,,0.0,,,,,0.0,,,,,0.0,,,,,0.0,,,,,0.0,,,,,0.0,,,,,0.0,,,,,0.0,,,,,0.0,,,,,0.0,,,,,0.0,,,,,0.0,,,,,0.0
WSM,SAMOA,24.4,,,,,22.912,,,,,21.489,,,,,20.131,,,,,19.129,,,,,18.64,,,,,18.634,,,,,19.111,,,,,20.078,,,,,21.218,,,,,21.977,,,,,21.526,,,,,21.2,,,,,21.2,,,,,21.173,,,,,20.992,,,,,20.353,,,,,19.301,,,,,18.926,,,,,17.406,,,,,12.886
YEM,YEMEN,56.465,,,,,53.321,,,,,50.15,,,,,46.978,,,,,43.83,,,,,40.723,,,,,37.657,,,,,34.656,,,,,31.742,,,,,28.936,,,,,26.267,,,,,23.76,,,,,20.931,,,,,18.373,,,,,16.534,,,,,14.844,,,,,13.3,,,,,11.026,,,,,9.1,,,,,7.279,,,,,5.8
ZAF,SOUTH AFRICA,76.846,,,,,75.202,,,,,73.481,,,,,71.685,,,,,69.818,,,,,67.883,,,,,65.864,,,,,63.75,,,,,61.546,,,,,59.256,,,,,56.891,,,,,54.486,,,,,52.037,,,,,49.372,,,,,48.425,,,,,48.109,,,,,47.809,,,,,47.248,,,,,46.619,,,,,44.413,,,,,42.23
ZMB,ZAMBIA,59.543,,,,,56.799,,,,,54.013,,,,,51.201,,,,,48.43,,,,,45.786,,,,,43.282,,,,,40.927,,,,,38.725,,,,,36.612,,,,,34.802,,,,,37.104,,,,,39.407,,,,,39.655,,,,,39.815,,,,,34.934,,,,,30.351,,,,,23.372,,,,,18.145,,,,,14.509,,,,,11.5
ZWE,ZIMBABWE,60.591,,,,,57.742,,,,,54.841,,,,,51.907,,,,,48.959,,,,,46.024,,,,,43.217,,,,,40.583,,,,,38.13,,,,,35.86,,,,,33.758,,,,,31.732,,,,,28.988,,,,,25.414,,,,,22.371,,,,,19.873,,,,,17.362,,,,,14.62,,,,,12.608,,,,,11.59,,,,,10.644
